"State","Article_Count","Year"
"Alabama",5887,"1888"
"Arizona",40065,"1888"
"Arkansas",30406,"1888"
"California",93420,"1888"
"Colorado",14790,"1888"
"Connecticut",81817,"1888"
"Delaware",50121,"1888"
"District of Columbia",49900,"1888"
"Georgia",4303,"1888"
"Hawaii",30,"1888"
"Idaho",154,"1888"
"Illinois",2910,"1888"
"Indiana",1150,"1888"
"Kansas",10634,"1888"
"Kentucky",635,"1888"
"Louisiana",4516,"1888"
"Maine",5613,"1888"
"Maryland",5930,"1888"
"Michigan",50588,"1888"
"Minnesota",34387,"1888"
"Mississippi",8634,"1888"
"Missouri",3054,"1888"
"Montana",15269,"1888"
"Nebraska",14472,"1888"
"Nevada",363,"1888"
"New Jersey",564,"1888"
"New Mexico",144,"1888"
"New York",5597,"1888"
"North Carolina",3587,"1888"
"North Dakota",5710,"1888"
"Virginia",82,"1888"
"Alabama",5747,"1889"
"Arizona",41533,"1889"
"Arkansas",21231,"1889"
"California",73969,"1889"
"Colorado",12558,"1889"
"Connecticut",86268,"1889"
"Delaware",55594,"1889"
"District of Columbia",15975,"1889"
"Florida",7556,"1889"
"Georgia",11914,"1889"
"Hawaii",2488,"1889"
"Idaho",516,"1889"
"Illinois",1110,"1889"
"Indiana",2691,"1889"
"Kansas",16557,"1889"
"Kentucky",572,"1889"
"Louisiana",6685,"1889"
"Maine",2965,"1889"
"Maryland",7466,"1889"
"Michigan",42889,"1889"
"Minnesota",30679,"1889"
"Mississippi",6283,"1889"
"Missouri",4700,"1889"
"Montana",16945,"1889"
"Nebraska",38301,"1889"
"Nevada",227,"1889"
"New Jersey",1681,"1889"
"New Mexico",192,"1889"
"New York",7736,"1889"
"North Carolina",1675,"1889"
"North Dakota",7188,"1889"
"Texas",70,"1889"
"Virginia",95,"1889"
"Alabama",5995,"1890"
"Arizona",61656,"1890"
"Arkansas",22545,"1890"
"California",87870,"1890"
"Colorado",12317,"1890"
"Connecticut",49695,"1890"
"Delaware",51455,"1890"
"District of Columbia",35767,"1890"
"Georgia",969,"1890"
"Hawaii",1838,"1890"
"Idaho",1335,"1890"
"Illinois",1128,"1890"
"Indiana",3311,"1890"
"Kansas",28641,"1890"
"Kentucky",6667,"1890"
"Louisiana",6808,"1890"
"Maine",2466,"1890"
"Maryland",3805,"1890"
"Michigan",68495,"1890"
"Minnesota",18210,"1890"
"Mississippi",2790,"1890"
"Missouri",5567,"1890"
"Montana",9833,"1890"
"Nebraska",9041,"1890"
"Nevada",93,"1890"
"New Jersey",1570,"1890"
"New Mexico",1634,"1890"
"New York",29963,"1890"
"North Carolina",2027,"1890"
"North Dakota",2438,"1890"
"Texas",134,"1890"
"West Virginia",64,"1890"
"Alabama",3418,"1891"
"Arizona",69045,"1891"
"Arkansas",22417,"1891"
"California",147801,"1891"
"Colorado",16206,"1891"
"Connecticut",51537,"1891"
"Delaware",70628,"1891"
"District of Columbia",20957,"1891"
"Georgia",2794,"1891"
"Idaho",1041,"1891"
"Illinois",3724,"1891"
"Indiana",2456,"1891"
"Kansas",29267,"1891"
"Kentucky",981,"1891"
"Louisiana",8376,"1891"
"Maine",6674,"1891"
"Maryland",5511,"1891"
"Michigan",33214,"1891"
"Minnesota",32871,"1891"
"Mississippi",2658,"1891"
"Missouri",8082,"1891"
"Montana",2829,"1891"
"Nebraska",9708,"1891"
"Nevada",259,"1891"
"New Jersey",8116,"1891"
"New Mexico",3397,"1891"
"New York",40549,"1891"
"North Carolina",5423,"1891"
"North Dakota",4595,"1891"
"Tennessee",59,"1891"
"Alabama",6187,"1892"
"Alaska",688,"1892"
"Arizona",57746,"1892"
"Arkansas",27551,"1892"
"California",146312,"1892"
"Colorado",11712,"1892"
"Connecticut",54006,"1892"
"Delaware",63647,"1892"
"District of Columbia",4643,"1892"
"Georgia",5538,"1892"
"Hawaii",1944,"1892"
"Idaho",1271,"1892"
"Illinois",5940,"1892"
"Indiana",2786,"1892"
"Iowa",129,"1892"
"Kansas",10959,"1892"
"Kentucky",1232,"1892"
"Louisiana",8612,"1892"
"Maine",7295,"1892"
"Maryland",4184,"1892"
"Michigan",3807,"1892"
"Minnesota",34183,"1892"
"Mississippi",2695,"1892"
"Missouri",5088,"1892"
"Montana",7341,"1892"
"Nebraska",10888,"1892"
"Nevada",22,"1892"
"New Jersey",6332,"1892"
"New Mexico",2106,"1892"
"New York",12877,"1892"
"North Carolina",8601,"1892"
"North Dakota",3468,"1892"
"West Virginia",26,"1892"
"Wisconsin",849,"1892"
"Alabama",5744,"1893"
"Alaska",1525,"1893"
"Arizona",50157,"1893"
"Arkansas",74070,"1893"
"California",181269,"1893"
"Colorado",19044,"1893"
"Connecticut",62966,"1893"
"Delaware",85372,"1893"
"District of Columbia",7298,"1893"
"Georgia",279,"1893"
"Hawaii",4903,"1893"
"Idaho",1452,"1893"
"Illinois",2847,"1893"
"Indiana",5476,"1893"
"Iowa",813,"1893"
"Kansas",19749,"1893"
"Kentucky",3690,"1893"
"Louisiana",14975,"1893"
"Maine",5140,"1893"
"Maryland",5134,"1893"
"Michigan",1814,"1893"
"Minnesota",31314,"1893"
"Mississippi",3080,"1893"
"Missouri",5793,"1893"
"Montana",12750,"1893"
"Nebraska",3976,"1893"
"Nevada",10,"1893"
"New Jersey",4561,"1893"
"New Mexico",1347,"1893"
"New York",13769,"1893"
"North Carolina",13086,"1893"
"North Dakota",6775,"1893"
"Virginia",64,"1893"
"Wisconsin",280,"1893"
"Alabama",34469,"1894"
"Alaska",2343,"1894"
"Arizona",69772,"1894"
"Arkansas",81990,"1894"
"California",161226,"1894"
"Colorado",27867,"1894"
"Connecticut",87463,"1894"
"Delaware",64258,"1894"
"District of Columbia",51910,"1894"
"Georgia",8913,"1894"
"Hawaii",1680,"1894"
"Idaho",663,"1894"
"Illinois",3428,"1894"
"Indiana",4278,"1894"
"Iowa",401,"1894"
"Kansas",32343,"1894"
"Kentucky",1139,"1894"
"Louisiana",11346,"1894"
"Maine",19830,"1894"
"Maryland",5819,"1894"
"Michigan",2744,"1894"
"Minnesota",19154,"1894"
"Mississippi",4168,"1894"
"Missouri",6646,"1894"
"Montana",25636,"1894"
"Nebraska",2272,"1894"
"New Jersey",1318,"1894"
"New Mexico",3133,"1894"
"New York",39115,"1894"
"North Carolina",8634,"1894"
"North Dakota",4931,"1894"
"Ohio",12,"1894"
"Alabama",66587,"1895"
"Alaska",3434,"1895"
"Arizona",73805,"1895"
"Arkansas",99883,"1895"
"California",146079,"1895"
"Colorado",20941,"1895"
"Connecticut",85772,"1895"
"Delaware",81081,"1895"
"District of Columbia",135494,"1895"
"Florida",46,"1895"
"Georgia",42,"1895"
"Hawaii",388,"1895"
"Idaho",477,"1895"
"Illinois",3492,"1895"
"Indiana",3623,"1895"
"Iowa",387,"1895"
"Kansas",16596,"1895"
"Kentucky",1065,"1895"
"Louisiana",5828,"1895"
"Maine",33830,"1895"
"Maryland",7160,"1895"
"Michigan",2872,"1895"
"Minnesota",25206,"1895"
"Mississippi",4080,"1895"
"Missouri",8992,"1895"
"Montana",12630,"1895"
"Nebraska",13521,"1895"
"New Jersey",623,"1895"
"New Mexico",3405,"1895"
"New York",29018,"1895"
"North Carolina",1510,"1895"
"North Dakota",5352,"1895"
"Virginia",1,"1895"
"Alabama",37449,"1896"
"Alaska",539,"1896"
"Arizona",93117,"1896"
"Arkansas",100313,"1896"
"California",326350,"1896"
"Colorado",23746,"1896"
"Connecticut",56783,"1896"
"Delaware",84700,"1896"
"District of Columbia",212592,"1896"
"Florida",76,"1896"
"Georgia",1158,"1896"
"Hawaii",44,"1896"
"Idaho",502,"1896"
"Illinois",3911,"1896"
"Indiana",7101,"1896"
"Iowa",213,"1896"
"Kansas",17877,"1896"
"Kentucky",1571,"1896"
"Louisiana",4337,"1896"
"Maine",16719,"1896"
"Maryland",3274,"1896"
"Michigan",4806,"1896"
"Minnesota",31427,"1896"
"Mississippi",4830,"1896"
"Missouri",24722,"1896"
"Montana",9951,"1896"
"Nebraska",27809,"1896"
"New Jersey",3560,"1896"
"New Mexico",4728,"1896"
"New York",58703,"1896"
"North Carolina",2188,"1896"
"North Dakota",4477,"1896"
"Alabama",47193,"1897"
"Alaska",375,"1897"
"Arizona",71467,"1897"
"Arkansas",113308,"1897"
"California",343939,"1897"
"Colorado",105453,"1897"
"Connecticut",52641,"1897"
"Delaware",93019,"1897"
"District of Columbia",195238,"1897"
"Florida",449,"1897"
"Georgia",9029,"1897"
"Hawaii",3153,"1897"
"Idaho",690,"1897"
"Illinois",3972,"1897"
"Indiana",2552,"1897"
"Iowa",982,"1897"
"Kansas",51898,"1897"
"Kentucky",1884,"1897"
"Louisiana",6625,"1897"
"Maine",17747,"1897"
"Maryland",2217,"1897"
"Michigan",4931,"1897"
"Minnesota",30829,"1897"
"Mississippi",4215,"1897"
"Missouri",22023,"1897"
"Montana",2595,"1897"
"Nebraska",25953,"1897"
"Nevada",187,"1897"
"New Jersey",5531,"1897"
"New Mexico",9335,"1897"
"New York",18431,"1897"
"North Carolina",11839,"1897"
"North Dakota",8792,"1897"
"Alabama",61105,"1898"
"Alaska",4394,"1898"
"Arizona",113785,"1898"
"Arkansas",135788,"1898"
"California",280116,"1898"
"Colorado",143682,"1898"
"Connecticut",56948,"1898"
"Delaware",96182,"1898"
"District of Columbia",231583,"1898"
"Florida",574,"1898"
"Georgia",3071,"1898"
"Hawaii",1952,"1898"
"Idaho",576,"1898"
"Illinois",4561,"1898"
"Indiana",4898,"1898"
"Iowa",122,"1898"
"Kansas",28111,"1898"
"Kentucky",465,"1898"
"Louisiana",5767,"1898"
"Maine",20299,"1898"
"Maryland",2205,"1898"
"Massachusetts",13685,"1898"
"Michigan",6853,"1898"
"Minnesota",22824,"1898"
"Mississippi",5668,"1898"
"Missouri",8188,"1898"
"Montana",8100,"1898"
"Nebraska",18972,"1898"
"New Jersey",6159,"1898"
"New Mexico",3774,"1898"
"New York",14973,"1898"
"North Carolina",4126,"1898"
"North Dakota",5181,"1898"
"Alabama",40314,"1899"
"Alaska",6235,"1899"
"Arizona",118328,"1899"
"Arkansas",140593,"1899"
"California",144084,"1899"
"Colorado",168220,"1899"
"Connecticut",33897,"1899"
"Delaware",59583,"1899"
"District of Columbia",209990,"1899"
"Florida",451,"1899"
"Georgia",6980,"1899"
"Idaho",3787,"1899"
"Illinois",5745,"1899"
"Indiana",5380,"1899"
"Iowa",3184,"1899"
"Kansas",33430,"1899"
"Kentucky",3873,"1899"
"Louisiana",1521,"1899"
"Maine",21111,"1899"
"Maryland",5757,"1899"
"Massachusetts",3223,"1899"
"Michigan",6539,"1899"
"Minnesota",41572,"1899"
"Mississippi",9226,"1899"
"Missouri",10037,"1899"
"Montana",20039,"1899"
"Nebraska",49185,"1899"
"New Jersey",7597,"1899"
"New Mexico",2959,"1899"
"New York",42827,"1899"
"North Carolina",1514,"1899"
"North Dakota",2632,"1899"
"Washington",101,"1899"
"Alabama",89257,"1900"
"Alaska",12136,"1900"
"Arizona",102035,"1900"
"Arkansas",91958,"1900"
"California",6774,"1900"
"Colorado",151548,"1900"
"Connecticut",51283,"1900"
"Delaware",122705,"1900"
"District of Columbia",132929,"1900"
"Florida",10274,"1900"
"Georgia",5452,"1900"
"Hawaii",3201,"1900"
"Idaho",2555,"1900"
"Illinois",5573,"1900"
"Indiana",1482,"1900"
"Iowa",2781,"1900"
"Kansas",25705,"1900"
"Kentucky",8056,"1900"
"Louisiana",5167,"1900"
"Maine",25282,"1900"
"Maryland",4932,"1900"
"Massachusetts",195,"1900"
"Michigan",8462,"1900"
"Minnesota",72632,"1900"
"Mississippi",6283,"1900"
"Missouri",20655,"1900"
"Montana",12331,"1900"
"Nebraska",10226,"1900"
"New Jersey",2737,"1900"
"New Mexico",2474,"1900"
"New York",106757,"1900"
"North Carolina",3141,"1900"
"North Dakota",4531,"1900"
"Ohio",85,"1900"
"Oklahoma",123,"1900"
"Pennsylvania",400,"1900"
"Tennessee",103,"1900"
"Texas",730,"1900"
"Virginia",163,"1900"
"Washington",102,"1900"
"Alabama",180978,"1901"
"Alaska",29221,"1901"
"Arizona",134720,"1901"
"Arkansas",60650,"1901"
"California",32721,"1901"
"Colorado",192282,"1901"
"Connecticut",116809,"1901"
"Delaware",129015,"1901"
"District of Columbia",201285,"1901"
"Florida",8960,"1901"
"Georgia",5588,"1901"
"Hawaii",1331,"1901"
"Idaho",71,"1901"
"Illinois",6205,"1901"
"Indiana",1679,"1901"
"Iowa",3699,"1901"
"Kansas",33938,"1901"
"Kentucky",7574,"1901"
"Louisiana",4848,"1901"
"Maine",31956,"1901"
"Maryland",1899,"1901"
"Massachusetts",616,"1901"
"Michigan",1995,"1901"
"Minnesota",40266,"1901"
"Mississippi",4757,"1901"
"Missouri",15649,"1901"
"Montana",5834,"1901"
"Nebraska",20740,"1901"
"New Jersey",4960,"1901"
"New Mexico",800,"1901"
"New York",170519,"1901"
"North Carolina",7369,"1901"
"North Dakota",1692,"1901"
"Ohio",95,"1901"
"Alabama",157025,"1902"
"Alaska",40941,"1902"
"Arizona",175538,"1902"
"Arkansas",77582,"1902"
"California",10593,"1902"
"Colorado",168617,"1902"
"Connecticut",113051,"1902"
"Delaware",104793,"1902"
"District of Columbia",200853,"1902"
"Florida",5726,"1902"
"Georgia",8649,"1902"
"Hawaii",1722,"1902"
"Idaho",75,"1902"
"Illinois",7094,"1902"
"Indiana",6103,"1902"
"Iowa",2786,"1902"
"Kansas",21481,"1902"
"Kentucky",8917,"1902"
"Louisiana",28457,"1902"
"Maine",15831,"1902"
"Maryland",1930,"1902"
"Michigan",1759,"1902"
"Minnesota",66118,"1902"
"Mississippi",10225,"1902"
"Missouri",21202,"1902"
"Montana",11049,"1902"
"Nebraska",9957,"1902"
"New Jersey",7257,"1902"
"New Mexico",377,"1902"
"New York",123901,"1902"
"North Carolina",3742,"1902"
"North Dakota",3177,"1902"
"Alabama",222180,"1903"
"Alaska",46741,"1903"
"Arizona",121734,"1903"
"Arkansas",77869,"1903"
"California",42809,"1903"
"Colorado",185556,"1903"
"Connecticut",126821,"1903"
"Delaware",105789,"1903"
"District of Columbia",57225,"1903"
"Florida",1221,"1903"
"Georgia",5332,"1903"
"Hawaii",6054,"1903"
"Idaho",409,"1903"
"Illinois",3462,"1903"
"Indiana",12606,"1903"
"Iowa",4512,"1903"
"Kansas",15148,"1903"
"Kentucky",1354,"1903"
"Louisiana",8674,"1903"
"Maine",8597,"1903"
"Maryland",2498,"1903"
"Michigan",1489,"1903"
"Minnesota",57977,"1903"
"Mississippi",17418,"1903"
"Missouri",30163,"1903"
"Montana",10852,"1903"
"Nebraska",21547,"1903"
"New Jersey",17544,"1903"
"New Mexico",506,"1903"
"New York",93834,"1903"
"North Carolina",3151,"1903"
"North Dakota",8614,"1903"
"Alabama",198167,"1904"
"Alaska",37885,"1904"
"Arizona",147286,"1904"
"Arkansas",89244,"1904"
"California",137705,"1904"
"Colorado",207891,"1904"
"Connecticut",138151,"1904"
"Delaware",103482,"1904"
"District of Columbia",28339,"1904"
"Florida",802,"1904"
"Georgia",13731,"1904"
"Hawaii",2176,"1904"
"Idaho",2063,"1904"
"Illinois",6803,"1904"
"Indiana",5724,"1904"
"Iowa",2954,"1904"
"Kansas",12204,"1904"
"Kentucky",8705,"1904"
"Louisiana",11049,"1904"
"Maine",15164,"1904"
"Maryland",3735,"1904"
"Michigan",2646,"1904"
"Minnesota",59216,"1904"
"Mississippi",7937,"1904"
"Missouri",31736,"1904"
"Montana",8403,"1904"
"Nebraska",8627,"1904"
"New Jersey",3977,"1904"
"New Mexico",569,"1904"
"New York",33112,"1904"
"North Carolina",3657,"1904"
"North Dakota",7728,"1904"
"Alabama",214305,"1905"
"Alaska",37810,"1905"
"Arizona",137881,"1905"
"Arkansas",73660,"1905"
"California",238695,"1905"
"Colorado",230085,"1905"
"Connecticut",143312,"1905"
"Delaware",91440,"1905"
"District of Columbia",119212,"1905"
"Florida",7651,"1905"
"Georgia",235,"1905"
"Hawaii",3889,"1905"
"Idaho",3104,"1905"
"Illinois",5666,"1905"
"Indiana",68,"1905"
"Iowa",516,"1905"
"Kansas",16455,"1905"
"Kentucky",13254,"1905"
"Louisiana",7409,"1905"
"Maine",15651,"1905"
"Maryland",4002,"1905"
"Michigan",2979,"1905"
"Minnesota",65271,"1905"
"Mississippi",7246,"1905"
"Missouri",20206,"1905"
"Montana",1295,"1905"
"Nebraska",31899,"1905"
"Nevada",52,"1905"
"New Jersey",5697,"1905"
"New Mexico",6613,"1905"
"New York",108392,"1905"
"North Carolina",16036,"1905"
"North Dakota",5064,"1905"
"Virginia",84,"1905"
"Alabama",196043,"1906"
"Alaska",36508,"1906"
"Arizona",145896,"1906"
"Arkansas",102915,"1906"
"California",246489,"1906"
"Colorado",212479,"1906"
"Connecticut",146065,"1906"
"Delaware",76716,"1906"
"District of Columbia",173173,"1906"
"Florida",12591,"1906"
"Georgia",2214,"1906"
"Hawaii",10501,"1906"
"Idaho",145,"1906"
"Illinois",5751,"1906"
"Indiana",3233,"1906"
"Iowa",758,"1906"
"Kansas",16838,"1906"
"Kentucky",18222,"1906"
"Louisiana",9743,"1906"
"Maine",26654,"1906"
"Maryland",3283,"1906"
"Michigan",2780,"1906"
"Minnesota",31509,"1906"
"Mississippi",12284,"1906"
"Missouri",7419,"1906"
"Montana",4441,"1906"
"Nebraska",18960,"1906"
"New Jersey",18670,"1906"
"New Mexico",5026,"1906"
"New York",121598,"1906"
"North Carolina",2928,"1906"
"North Dakota",11811,"1906"
"Alabama",223720,"1907"
"Alaska",52532,"1907"
"Arizona",145368,"1907"
"Arkansas",137512,"1907"
"California",188474,"1907"
"Colorado",239028,"1907"
"Connecticut",183398,"1907"
"Delaware",93569,"1907"
"District of Columbia",168070,"1907"
"Florida",11448,"1907"
"Georgia",7163,"1907"
"Hawaii",6263,"1907"
"Idaho",1975,"1907"
"Illinois",2580,"1907"
"Indiana",4787,"1907"
"Iowa",675,"1907"
"Kansas",9667,"1907"
"Kentucky",4825,"1907"
"Louisiana",5946,"1907"
"Maine",3838,"1907"
"Maryland",5381,"1907"
"Michigan",6440,"1907"
"Minnesota",20901,"1907"
"Mississippi",14632,"1907"
"Missouri",8737,"1907"
"Montana",3536,"1907"
"Nebraska",9336,"1907"
"New Jersey",21235,"1907"
"New Mexico",12276,"1907"
"New York",109311,"1907"
"North Carolina",7407,"1907"
"North Dakota",4583,"1907"
"Alabama",246229,"1908"
"Alaska",60970,"1908"
"Arizona",151053,"1908"
"Arkansas",117640,"1908"
"California",197124,"1908"
"Colorado",271713,"1908"
"Connecticut",190415,"1908"
"Delaware",103685,"1908"
"District of Columbia",154151,"1908"
"Florida",5213,"1908"
"Georgia",1442,"1908"
"Hawaii",878,"1908"
"Idaho",1809,"1908"
"Illinois",7031,"1908"
"Indiana",2155,"1908"
"Iowa",3725,"1908"
"Kansas",14363,"1908"
"Kentucky",5818,"1908"
"Louisiana",4284,"1908"
"Maine",20213,"1908"
"Maryland",7883,"1908"
"Michigan",4436,"1908"
"Minnesota",34073,"1908"
"Mississippi",22845,"1908"
"Missouri",10767,"1908"
"Montana",2213,"1908"
"Nebraska",20562,"1908"
"Nevada",45,"1908"
"New Jersey",9321,"1908"
"New Mexico",6122,"1908"
"New York",140536,"1908"
"North Carolina",7448,"1908"
"North Dakota",16712,"1908"
"Alabama",209160,"1909"
"Alaska",37540,"1909"
"Arizona",207303,"1909"
"Arkansas",140113,"1909"
"California",253620,"1909"
"Colorado",252111,"1909"
"Connecticut",163380,"1909"
"Delaware",104907,"1909"
"District of Columbia",217708,"1909"
"Florida",8777,"1909"
"Georgia",4550,"1909"
"Hawaii",257,"1909"
"Idaho",573,"1909"
"Illinois",8353,"1909"
"Indiana",4812,"1909"
"Iowa",3887,"1909"
"Kansas",20393,"1909"
"Kentucky",5838,"1909"
"Louisiana",4244,"1909"
"Maine",4721,"1909"
"Maryland",14034,"1909"
"Michigan",8326,"1909"
"Minnesota",33473,"1909"
"Mississippi",15613,"1909"
"Missouri",11576,"1909"
"Montana",9220,"1909"
"Nebraska",6426,"1909"
"Nevada",20,"1909"
"New Jersey",6957,"1909"
"New Mexico",1366,"1909"
"New York",131496,"1909"
"North Carolina",11410,"1909"
"North Dakota",24064,"1909"
"Alabama",85736,"1910"
"Alaska",33849,"1910"
"Arizona",182315,"1910"
"Arkansas",130065,"1910"
"California",337889,"1910"
"Colorado",227232,"1910"
"Connecticut",161382,"1910"
"Delaware",110844,"1910"
"District of Columbia",54392,"1910"
"Florida",8384,"1910"
"Georgia",623,"1910"
"Hawaii",2197,"1910"
"Idaho",1867,"1910"
"Illinois",7096,"1910"
"Indiana",4858,"1910"
"Iowa",2961,"1910"
"Kansas",17131,"1910"
"Kentucky",24961,"1910"
"Louisiana",6592,"1910"
"Maine",20853,"1910"
"Maryland",8145,"1910"
"Michigan",13100,"1910"
"Minnesota",15032,"1910"
"Mississippi",17925,"1910"
"Missouri",16543,"1910"
"Montana",6276,"1910"
"Nebraska",24004,"1910"
"Nevada",13,"1910"
"New Jersey",26151,"1910"
"New Mexico",10338,"1910"
"New York",110864,"1910"
"North Carolina",4987,"1910"
"North Dakota",9658,"1910"
"Alabama",165897,"1911"
"Alaska",63538,"1911"
"Arizona",161988,"1911"
"Arkansas",137877,"1911"
"California",10198,"1911"
"Colorado",190177,"1911"
"Connecticut",147478,"1911"
"Delaware",104136,"1911"
"District of Columbia",254871,"1911"
"Florida",12784,"1911"
"Georgia",920,"1911"
"Hawaii",2366,"1911"
"Idaho",7054,"1911"
"Illinois",10422,"1911"
"Indiana",4146,"1911"
"Iowa",5867,"1911"
"Kansas",15841,"1911"
"Kentucky",11442,"1911"
"Louisiana",8046,"1911"
"Maine",15389,"1911"
"Maryland",8672,"1911"
"Michigan",21394,"1911"
"Minnesota",20735,"1911"
"Mississippi",11973,"1911"
"Missouri",6080,"1911"
"Montana",8728,"1911"
"Nebraska",15000,"1911"
"New Jersey",2827,"1911"
"New Mexico",2956,"1911"
"New York",71517,"1911"
"North Carolina",3531,"1911"
"North Dakota",6409,"1911"
"Alabama",160914,"1912"
"Alaska",102609,"1912"
"Arizona",174446,"1912"
"Arkansas",172582,"1912"
"California",32080,"1912"
"Colorado",271184,"1912"
"Connecticut",200493,"1912"
"Delaware",119294,"1912"
"District of Columbia",225008,"1912"
"Florida",6308,"1912"
"Georgia",12854,"1912"
"Hawaii",768,"1912"
"Idaho",9282,"1912"
"Illinois",3229,"1912"
"Indiana",4681,"1912"
"Iowa",2660,"1912"
"Kansas",7274,"1912"
"Kentucky",13184,"1912"
"Louisiana",6516,"1912"
"Maine",5123,"1912"
"Maryland",9056,"1912"
"Michigan",46252,"1912"
"Minnesota",17719,"1912"
"Mississippi",14773,"1912"
"Missouri",8173,"1912"
"Montana",17819,"1912"
"Nebraska",25001,"1912"
"Nevada",50,"1912"
"New Jersey",23319,"1912"
"New Mexico",3536,"1912"
"New York",58676,"1912"
"North Carolina",1135,"1912"
"North Dakota",18079,"1912"
"Ohio",72,"1912"
"Alabama",165847,"1913"
"Alaska",137241,"1913"
"Arizona",172400,"1913"
"Arkansas",136924,"1913"
"California",82801,"1913"
"Colorado",312968,"1913"
"Connecticut",211703,"1913"
"Delaware",105071,"1913"
"District of Columbia",217068,"1913"
"Florida",11222,"1913"
"Georgia",22896,"1913"
"Idaho",4485,"1913"
"Illinois",9665,"1913"
"Indiana",10254,"1913"
"Iowa",4908,"1913"
"Kansas",13327,"1913"
"Kentucky",18950,"1913"
"Louisiana",12541,"1913"
"Maine",14670,"1913"
"Maryland",11839,"1913"
"Michigan",9123,"1913"
"Minnesota",19130,"1913"
"Mississippi",12518,"1913"
"Missouri",9029,"1913"
"Montana",11874,"1913"
"Nebraska",16302,"1913"
"New Jersey",7966,"1913"
"New Mexico",12762,"1913"
"New York",33570,"1913"
"North Carolina",871,"1913"
"North Dakota",12105,"1913"
"Ohio",176,"1913"
"Alabama",148983,"1914"
"Alaska",150753,"1914"
"Arizona",155412,"1914"
"Arkansas",174182,"1914"
"California",32856,"1914"
"Colorado",266301,"1914"
"Connecticut",291175,"1914"
"Delaware",112292,"1914"
"District of Columbia",313293,"1914"
"Florida",14368,"1914"
"Georgia",14673,"1914"
"Hawaii",435,"1914"
"Idaho",7588,"1914"
"Illinois",8991,"1914"
"Indiana",4837,"1914"
"Iowa",4930,"1914"
"Kansas",16954,"1914"
"Kentucky",15234,"1914"
"Louisiana",5409,"1914"
"Maine",20146,"1914"
"Maryland",5592,"1914"
"Michigan",15080,"1914"
"Minnesota",22856,"1914"
"Mississippi",7172,"1914"
"Missouri",8382,"1914"
"Montana",11990,"1914"
"Nebraska",24349,"1914"
"Nevada",120,"1914"
"New Jersey",14303,"1914"
"New Mexico",26312,"1914"
"New York",14488,"1914"
"North Carolina",2250,"1914"
"North Dakota",20143,"1914"
"Ohio",52,"1914"
"Alabama",126436,"1915"
"Alaska",217329,"1915"
"Arizona",167821,"1915"
"Arkansas",209607,"1915"
"California",30234,"1915"
"Colorado",185552,"1915"
"Connecticut",272732,"1915"
"Delaware",117521,"1915"
"District of Columbia",282129,"1915"
"Florida",22594,"1915"
"Georgia",6964,"1915"
"Hawaii",960,"1915"
"Idaho",4383,"1915"
"Illinois",8278,"1915"
"Indiana",9291,"1915"
"Iowa",331,"1915"
"Kansas",7477,"1915"
"Kentucky",6239,"1915"
"Louisiana",6281,"1915"
"Maine",2784,"1915"
"Maryland",21868,"1915"
"Michigan",25609,"1915"
"Minnesota",30354,"1915"
"Mississippi",16415,"1915"
"Missouri",8461,"1915"
"Montana",5226,"1915"
"Nebraska",17632,"1915"
"Nevada",396,"1915"
"New Jersey",21242,"1915"
"New Mexico",5104,"1915"
"New York",20996,"1915"
"North Carolina",8420,"1915"
"North Dakota",11957,"1915"
"Ohio",31,"1915"
"Alabama",100304,"1916"
"Alaska",233940,"1916"
"Arizona",217360,"1916"
"Arkansas",171241,"1916"
"California",20460,"1916"
"Colorado",177228,"1916"
"Connecticut",288314,"1916"
"Delaware",112408,"1916"
"District of Columbia",241080,"1916"
"Florida",8997,"1916"
"Georgia",1995,"1916"
"Hawaii",3631,"1916"
"Idaho",4427,"1916"
"Illinois",4012,"1916"
"Indiana",5824,"1916"
"Iowa",273,"1916"
"Kansas",14857,"1916"
"Kentucky",5165,"1916"
"Louisiana",6567,"1916"
"Maine",21490,"1916"
"Maryland",8186,"1916"
"Michigan",38380,"1916"
"Minnesota",12087,"1916"
"Mississippi",15163,"1916"
"Missouri",11238,"1916"
"Montana",13462,"1916"
"Nebraska",28090,"1916"
"Nevada",1299,"1916"
"New Jersey",9112,"1916"
"New Mexico",7311,"1916"
"New York",25564,"1916"
"North Carolina",996,"1916"
"North Dakota",28336,"1916"
"Alabama",109455,"1917"
"Alaska",238166,"1917"
"Arizona",199433,"1917"
"Arkansas",222490,"1917"
"California",23384,"1917"
"Colorado",183318,"1917"
"Connecticut",233958,"1917"
"Delaware",63953,"1917"
"District of Columbia",240764,"1917"
"Florida",27828,"1917"
"Georgia",4087,"1917"
"Hawaii",3604,"1917"
"Idaho",2376,"1917"
"Illinois",3409,"1917"
"Indiana",9554,"1917"
"Iowa",1290,"1917"
"Kansas",13031,"1917"
"Kentucky",10715,"1917"
"Louisiana",9393,"1917"
"Maine",12858,"1917"
"Maryland",14274,"1917"
"Michigan",19140,"1917"
"Minnesota",15947,"1917"
"Mississippi",8670,"1917"
"Missouri",15968,"1917"
"Montana",8257,"1917"
"Nebraska",27215,"1917"
"New Jersey",12521,"1917"
"New Mexico",10737,"1917"
"New York",37274,"1917"
"North Carolina",5809,"1917"
"North Dakota",20459,"1917"
"Ohio",40,"1917"
"Alabama",110811,"1918"
"Alaska",183491,"1918"
"Arizona",212726,"1918"
"Arkansas",217631,"1918"
"California",27912,"1918"
"Colorado",136439,"1918"
"Connecticut",235035,"1918"
"Delaware",178456,"1918"
"District of Columbia",255281,"1918"
"Florida",6393,"1918"
"Georgia",7735,"1918"
"Hawaii",1269,"1918"
"Idaho",3043,"1918"
"Illinois",1198,"1918"
"Indiana",7550,"1918"
"Iowa",1685,"1918"
"Kansas",16187,"1918"
"Kentucky",10924,"1918"
"Louisiana",6943,"1918"
"Maine",12153,"1918"
"Maryland",8608,"1918"
"Michigan",6608,"1918"
"Minnesota",19353,"1918"
"Mississippi",8802,"1918"
"Missouri",18450,"1918"
"Montana",1421,"1918"
"Nebraska",17899,"1918"
"Nevada",12,"1918"
"New Jersey",7142,"1918"
"New Mexico",12739,"1918"
"New York",147318,"1918"
"North Carolina",13498,"1918"
"North Dakota",24329,"1918"
"Ohio",23,"1918"
"Alabama",114644,"1919"
"Alaska",158534,"1919"
"Arizona",236769,"1919"
"Arkansas",137929,"1919"
"California",31288,"1919"
"Colorado",143146,"1919"
"Connecticut",268468,"1919"
"Delaware",145021,"1919"
"District of Columbia",295601,"1919"
"Florida",8191,"1919"
"Georgia",23255,"1919"
"Idaho",3798,"1919"
"Illinois",2425,"1919"
"Indiana",10857,"1919"
"Iowa",973,"1919"
"Kansas",26159,"1919"
"Kentucky",7162,"1919"
"Louisiana",14835,"1919"
"Maine",21186,"1919"
"Maryland",9297,"1919"
"Michigan",10330,"1919"
"Minnesota",28111,"1919"
"Mississippi",9198,"1919"
"Missouri",11206,"1919"
"Montana",9630,"1919"
"Nebraska",15789,"1919"
"Nevada",94,"1919"
"New Jersey",2862,"1919"
"New Mexico",7646,"1919"
"New York",202181,"1919"
"North Carolina",6930,"1919"
"North Dakota",15793,"1919"
"Ohio",39,"1919"
"Alabama",143191,"1920"
"Alaska",137981,"1920"
"Arizona",234463,"1920"
"Arkansas",141325,"1920"
"California",36630,"1920"
"Colorado",137755,"1920"
"Connecticut",252999,"1920"
"Delaware",220771,"1920"
"District of Columbia",301926,"1920"
"Florida",18184,"1920"
"Georgia",19473,"1920"
"Idaho",4408,"1920"
"Illinois",2238,"1920"
"Indiana",10141,"1920"
"Iowa",6355,"1920"
"Kansas",806,"1920"
"Kentucky",15003,"1920"
"Louisiana",14368,"1920"
"Maine",5398,"1920"
"Maryland",5421,"1920"
"Michigan",9037,"1920"
"Minnesota",22663,"1920"
"Mississippi",12057,"1920"
"Missouri",20618,"1920"
"Montana",16845,"1920"
"Nebraska",28976,"1920"
"Nevada",64,"1920"
"New Jersey",3463,"1920"
"New Mexico",21373,"1920"
"New York",189525,"1920"
"North Carolina",1690,"1920"
"North Dakota",4191,"1920"
"Alabama",125601,"1921"
"Alaska",147657,"1921"
"Arizona",202009,"1921"
"Arkansas",103093,"1921"
"California",24344,"1921"
"Colorado",204210,"1921"
"Connecticut",239313,"1921"
"Delaware",242997,"1921"
"District of Columbia",367505,"1921"
"Florida",5406,"1921"
"Georgia",4156,"1921"
"Idaho",3262,"1921"
"Illinois",2533,"1921"
"Indiana",14221,"1921"
"Iowa",4043,"1921"
"Kansas",6509,"1921"
"Kentucky",20142,"1921"
"Louisiana",24869,"1921"
"Maine",13558,"1921"
"Maryland",9195,"1921"
"Michigan",17521,"1921"
"Minnesota",20938,"1921"
"Mississippi",9891,"1921"
"Missouri",28373,"1921"
"Montana",12989,"1921"
"Nebraska",36437,"1921"
"Nevada",118,"1921"
"New Jersey",4555,"1921"
"New Mexico",18804,"1921"
"New York",374991,"1921"
"North Carolina",22802,"1921"
"North Dakota",17606,"1921"
"Alabama",112755,"1922"
"Alaska",145972,"1922"
"Arizona",168534,"1922"
"Arkansas",40271,"1922"
"California",50566,"1922"
"Colorado",139055,"1922"
"Connecticut",271679,"1922"
"Delaware",169856,"1922"
"District of Columbia",456894,"1922"
"Florida",21828,"1922"
"Georgia",6173,"1922"
"Idaho",8267,"1922"
"Illinois",6951,"1922"
"Indiana",20684,"1922"
"Iowa",1313,"1922"
"Kansas",22351,"1922"
"Kentucky",30801,"1922"
"Louisiana",33356,"1922"
"Maine",21468,"1922"
"Maryland",4371,"1922"
"Michigan",15491,"1922"
"Minnesota",40822,"1922"
"Mississippi",16262,"1922"
"Missouri",36150,"1922"
"Montana",12160,"1922"
"Nebraska",40181,"1922"
"Nevada",226,"1922"
"New Jersey",4027,"1922"
"New Mexico",18202,"1922"
"New York",430592,"1922"
"North Carolina",18594,"1922"
"North Dakota",35761,"1922"
"Ohio",48,"1922"
"Alabama",151386,"1923"
"Alaska",111762,"1923"
"Arizona",27452,"1923"
"Arkansas",12816,"1923"
"California",44696,"1923"
"Colorado",99083,"1923"
"Connecticut",75501,"1923"
"Delaware",22466,"1923"
"District of Columbia",266748,"1923"
"Georgia",2714,"1923"
"Idaho",5446,"1923"
"Illinois",80,"1923"
"Indiana",5229,"1923"
"Iowa",434,"1923"
"Maine",1972,"1923"
"Maryland",2900,"1923"
"Michigan",8624,"1923"
"Minnesota",11514,"1923"
"Mississippi",1182,"1923"
"Montana",2098,"1923"
"Nebraska",1943,"1923"
"New Jersey",19236,"1923"
"North Carolina",3776,"1923"
"North Dakota",1154,"1923"
"Ohio",50,"1923"
"South Carolina",110,"1923"
"Alabama",142547,"1924"
"Alaska",54521,"1924"
"Arizona",21846,"1924"
"Arkansas",10657,"1924"
"California",53363,"1924"
"Colorado",67658,"1924"
"Connecticut",144558,"1924"
"Delaware",16396,"1924"
"District of Columbia",278724,"1924"
"Georgia",2796,"1924"
"Idaho",3859,"1924"
"Illinois",2136,"1924"
"Indiana",6307,"1924"
"Maine",3840,"1924"
"Maryland",257,"1924"
"Michigan",1536,"1924"
"Minnesota",4827,"1924"
"Montana",2807,"1924"
"Nebraska",12351,"1924"
"New Jersey",7089,"1924"
"North Carolina",997,"1924"
"North Dakota",6439,"1924"
"Ohio",9,"1924"
"Alaska",62769,"1925"
"Arizona",32258,"1925"
"Arkansas",11426,"1925"
"California",53357,"1925"
"Colorado",10407,"1925"
"Connecticut",131109,"1925"
"Delaware",15579,"1925"
"District of Columbia",285080,"1925"
"Georgia",625,"1925"
"Idaho",3565,"1925"
"Illinois",2659,"1925"
"Indiana",1340,"1925"
"Maine",21806,"1925"
"Maryland",564,"1925"
"Minnesota",3916,"1925"
"Montana",2218,"1925"
"Nebraska",6519,"1925"
"New Jersey",7717,"1925"
"North Dakota",9397,"1925"
"Ohio",11,"1925"
"Alaska",49746,"1926"
"Arizona",109718,"1926"
"Arkansas",8019,"1926"
"California",55025,"1926"
"Colorado",8111,"1926"
"Connecticut",137546,"1926"
"Delaware",18311,"1926"
"District of Columbia",216314,"1926"
"Georgia",2532,"1926"
"Idaho",82,"1926"
"Illinois",2481,"1926"
"Indiana",2213,"1926"
"Maine",1120,"1926"
"Maryland",654,"1926"
"Minnesota",1543,"1926"
"Mississippi",13,"1926"
"Montana",5816,"1926"
"New Jersey",4444,"1926"
"Ohio",77,"1926"
"Alaska",63408,"1927"
"Arizona",85192,"1927"
"Arkansas",3384,"1927"
"California",44309,"1927"
"Connecticut",104402,"1927"
"Delaware",15294,"1927"
"District of Columbia",157640,"1927"
"Georgia",10079,"1927"
"Idaho",30,"1927"
"Illinois",1711,"1927"
"Indiana",2881,"1927"
"Maryland",621,"1927"
"Minnesota",2345,"1927"
"Montana",10888,"1927"
"New Jersey",2287,"1927"
"North Dakota",353,"1927"
"Ohio",11,"1927"
"Alaska",100037,"1928"
"Arizona",30984,"1928"
"California",51077,"1928"
"Connecticut",88884,"1928"
"Delaware",11577,"1928"
"District of Columbia",192249,"1928"
"Idaho",38,"1928"
"Illinois",601,"1928"
"Indiana",6662,"1928"
"Maryland",104,"1928"
"Minnesota",1781,"1928"
"Mississippi",17,"1928"
"Montana",1340,"1928"
"North Dakota",1951,"1928"
"Alaska",101002,"1929"
"Arizona",12650,"1929"
"California",43236,"1929"
"Connecticut",127010,"1929"
"Delaware",15913,"1929"
"District of Columbia",103725,"1929"
"Idaho",72,"1929"
"Illinois",1538,"1929"
"Indiana",5169,"1929"
"Maryland",107,"1929"
"Minnesota",3234,"1929"
"Mississippi",99,"1929"
"Montana",842,"1929"
"North Dakota",7303,"1929"
"Ohio",9,"1929"
"Alaska",92837,"1930"
"Arizona",16860,"1930"
"California",47956,"1930"
"Connecticut",149303,"1930"
"Delaware",20405,"1930"
"District of Columbia",144237,"1930"
"Idaho",256,"1930"
"Illinois",1663,"1930"
"Indiana",8226,"1930"
"Minnesota",7550,"1930"
"Mississippi",80,"1930"
"Montana",2293,"1930"
"North Carolina",707,"1930"
"North Dakota",314,"1930"
"Ohio",8,"1930"
"Alaska",96750,"1931"
"Arizona",18514,"1931"
"California",47042,"1931"
"Connecticut",104930,"1931"
"Delaware",21343,"1931"
"District of Columbia",174640,"1931"
"Idaho",503,"1931"
"Illinois",1602,"1931"
"Indiana",4835,"1931"
"Maryland",208,"1931"
"Minnesota",1369,"1931"
"Mississippi",101,"1931"
"Montana",4028,"1931"
"North Carolina",1908,"1931"
"North Dakota",16026,"1931"
"Ohio",17,"1931"
"Alaska",91582,"1932"
"Arizona",16134,"1932"
"California",47420,"1932"
"Connecticut",86626,"1932"
"Delaware",20425,"1932"
"District of Columbia",386837,"1932"
"Idaho",397,"1932"
"Illinois",2117,"1932"
"Indiana",3872,"1932"
"Maryland",212,"1932"
"Minnesota",3053,"1932"
"Mississippi",432,"1932"
"Montana",834,"1932"
"North Carolina",3982,"1932"
"North Dakota",691,"1932"
"Ohio",1,"1932"
"Alaska",73713,"1933"
"Arizona",15537,"1933"
"California",37357,"1933"
"Connecticut",92163,"1933"
"Delaware",18896,"1933"
"District of Columbia",382123,"1933"
"Idaho",261,"1933"
"Illinois",2373,"1933"
"Indiana",2187,"1933"
"Louisiana",237,"1933"
"Maryland",412,"1933"
"Michigan",105,"1933"
"Minnesota",2763,"1933"
"Mississippi",779,"1933"
"Montana",1352,"1933"
"North Carolina",5222,"1933"
"North Dakota",6900,"1933"
"Alaska",54047,"1934"
"Arizona",14175,"1934"
"California",46269,"1934"
"Connecticut",108026,"1934"
"Delaware",16298,"1934"
"District of Columbia",391338,"1934"
"Idaho",47,"1934"
"Illinois",1987,"1934"
"Indiana",3112,"1934"
"Maryland",563,"1934"
"Michigan",507,"1934"
"Minnesota",3966,"1934"
"Mississippi",806,"1934"
"Montana",1622,"1934"
"North Carolina",4246,"1934"
"North Dakota",7333,"1934"
"Alaska",64764,"1935"
"Arizona",15607,"1935"
"California",49083,"1935"
"Connecticut",107295,"1935"
"Delaware",20376,"1935"
"District of Columbia",343367,"1935"
"Idaho",587,"1935"
"Illinois",655,"1935"
"Indiana",3936,"1935"
"Maryland",1183,"1935"
"Michigan",5068,"1935"
"Minnesota",7677,"1935"
"Mississippi",391,"1935"
"Montana",2608,"1935"
"Nebraska",25,"1935"
"North Carolina",7281,"1935"
"North Dakota",5651,"1935"
"Alaska",63274,"1936"
"Arizona",20773,"1936"
"California",56387,"1936"
"Connecticut",111362,"1936"
"Delaware",18929,"1936"
"District of Columbia",362737,"1936"
"Idaho",359,"1936"
"Illinois",205,"1936"
"Indiana",2434,"1936"
"Maryland",1463,"1936"
"Michigan",49,"1936"
"Minnesota",12404,"1936"
"Mississippi",356,"1936"
"Montana",5340,"1936"
"Nebraska",296,"1936"
"North Carolina",5647,"1936"
"Alaska",64484,"1937"
"Arizona",18422,"1937"
"California",58801,"1937"
"Connecticut",109360,"1937"
"Delaware",19392,"1937"
"District of Columbia",371301,"1937"
"Idaho",387,"1937"
"Maryland",2051,"1937"
"Michigan",190,"1937"
"Minnesota",3876,"1937"
"Mississippi",224,"1937"
"Montana",6545,"1937"
"Nebraska",228,"1937"
"North Carolina",16671,"1937"
"North Dakota",4617,"1937"
"Alaska",57039,"1938"
"Arizona",13976,"1938"
"California",62541,"1938"
"Connecticut",100912,"1938"
"Delaware",16791,"1938"
"District of Columbia",387577,"1938"
"Florida",153,"1938"
"Idaho",475,"1938"
"Maryland",7314,"1938"
"Michigan",350,"1938"
"Minnesota",5869,"1938"
"Mississippi",645,"1938"
"Montana",839,"1938"
"Nebraska",431,"1938"
"North Carolina",10362,"1938"
